<?xml version="1.0" encoding="utf-8" ?>
<dwsync>
<file name="b1.jpg" server="amarjeetk.sgedu.site/www/" local="131160020480000000" remote="131163558000000000" Dst="0" />
<file name="aboutus.jpg" server="amarjeetk.sgedu.site/www/" local="131160041980000000" remote="131163558000000000" Dst="0" />
<file name="b10.jpg" server="amarjeetk.sgedu.site/www/" local="131160023640000000" remote="131163558000000000" Dst="0" />
<file name="b11.jpg" server="amarjeetk.sgedu.site/www/" local="131160023980000000" remote="131163558000000000" Dst="0" />
<file name="b12.jpg" server="amarjeetk.sgedu.site/www/" local="131160024260000000" remote="131163558000000000" Dst="0" />
<file name="b2.jpg" server="amarjeetk.sgedu.site/www/" local="131160020640000000" remote="131163558000000000" Dst="0" />
<file name="aboutus1.jpg" server="amarjeetk.sgedu.site/www/" local="131160046240000000" remote="131163558000000000" Dst="0" />
<file name="b3.jpg" server="amarjeetk.sgedu.site/www/" local="131160020960000000" remote="131163558000000000" Dst="0" />
<file name="b4.jpg" server="amarjeetk.sgedu.site/www/" local="131160021300000000" remote="131163558000000000" Dst="0" />
<file name="b5.jpg" server="amarjeetk.sgedu.site/www/" local="131160021760000000" remote="131163558000000000" Dst="0" />
<file name="b6.jpg" server="amarjeetk.sgedu.site/www/" local="131160022040000000" remote="131163558000000000" Dst="0" />
<file name="b7.jpg" server="amarjeetk.sgedu.site/www/" local="131160022300000000" remote="131163558000000000" Dst="0" />
<file name="b8.jpg" server="amarjeetk.sgedu.site/www/" local="131160022880000000" remote="131163558000000000" Dst="0" />
<file name="b9.jpg" server="amarjeetk.sgedu.site/www/" local="131160023040000000" remote="131163558000000000" Dst="0" />
<file name="backpacks.jpg" server="amarjeetk.sgedu.site/www/" local="131160840380000000" remote="131163558000000000" Dst="0" />
<file name="banner1.jpg" server="amarjeetk.sgedu.site/www/" local="131158887260000000" remote="131163558000000000" Dst="0" />
<file name="contactimage1.jpg" server="amarjeetk.sgedu.site/www/" local="131157360360000000" remote="131163558000000000" Dst="0" />
<file name="bg1.jpg" server="amarjeetk.sgedu.site/www/" local="131158970280000000" remote="131163558000000000" Dst="0" />
<file name="h1.jpg" server="amarjeetk.sgedu.site/www/" local="131160515700000000" remote="131163558000000000" Dst="0" />
<file name="h10.jpg" server="amarjeetk.sgedu.site/www/" local="131160810080000000" remote="131163558000000000" Dst="0" />
<file name="feedback.jpg" server="amarjeetk.sgedu.site/www/" local="131159047760000000" remote="131163558000000000" Dst="0" />
<file name="h11.jpg" server="amarjeetk.sgedu.site/www/" local="131160810680000000" remote="131163558000000000" Dst="0" />
<file name="h12.jpg" server="amarjeetk.sgedu.site/www/" local="131160810980000000" remote="131163558000000000" Dst="0" />
<file name="h13.jpg" server="amarjeetk.sgedu.site/www/" local="131160811300000000" remote="131163558000000000" Dst="0" />
<file name="h14.jpg" server="amarjeetk.sgedu.site/www/" local="131160811600000000" remote="131163558000000000" Dst="0" />
<file name="h15.jpg" server="amarjeetk.sgedu.site/www/" local="131160811900000000" remote="131163558000000000" Dst="0" />
<file name="h16.jpg" server="amarjeetk.sgedu.site/www/" local="131160812220000000" remote="131163558000000000" Dst="0" />
<file name="h2.jpg" server="amarjeetk.sgedu.site/www/" local="131160515960000000" remote="131163558000000000" Dst="0" />
<file name="h3.jpg" server="amarjeetk.sgedu.site/www/" local="131160516200000000" remote="131163558000000000" Dst="0" />
<file name="h4.jpg" server="amarjeetk.sgedu.site/www/" local="131160516460000000" remote="131163558000000000" Dst="0" />
<file name="h5.jpg" server="amarjeetk.sgedu.site/www/" local="131160517200000000" remote="131163558000000000" Dst="0" />
<file name="h6.jpg" server="amarjeetk.sgedu.site/www/" local="131160517600000000" remote="131163558000000000" Dst="0" />
<file name="h7.jpg" server="amarjeetk.sgedu.site/www/" local="131160517840000000" remote="131163558000000000" Dst="0" />
<file name="h8.jpg" server="amarjeetk.sgedu.site/www/" local="131160518080000000" remote="131163558000000000" Dst="0" />
<file name="h9.jpg" server="amarjeetk.sgedu.site/www/" local="131160810340000000" remote="131163558000000000" Dst="0" />
<file name="handbag.jpg" server="amarjeetk.sgedu.site/www/" local="131160840820000000" remote="131163558000000000" Dst="0" />
<file name="l1.jpg" server="amarjeetk.sgedu.site/www/" local="131160015120000000" remote="131163558000000000" Dst="0" />
<file name="l2.jpg" server="amarjeetk.sgedu.site/www/" local="131160015460000000" remote="131163558000000000" Dst="0" />
<file name="l3.jpg" server="amarjeetk.sgedu.site/www/" local="131160015560000000" remote="131163558000000000" Dst="0" />
<file name="l4.jpg" server="amarjeetk.sgedu.site/www/" local="131160015940000000" remote="131163558000000000" Dst="0" />
<file name="l5.jpg" server="amarjeetk.sgedu.site/www/" local="131160016200000000" remote="131163558000000000" Dst="0" />
<file name="l6.jpg" server="amarjeetk.sgedu.site/www/" local="131160016780000000" remote="131163558000000000" Dst="0" />
<file name="l7.jpg" server="amarjeetk.sgedu.site/www/" local="131160017920000000" remote="131163558000000000" Dst="0" />
<file name="l8.jpg" server="amarjeetk.sgedu.site/www/" local="131160018200000000" remote="131163558000000000" Dst="0" />
<file name="luggage.jpg" server="amarjeetk.sgedu.site/www/" local="131160841180000000" remote="131163558000000000" Dst="0" />
<file name="w1.jpg" server="amarjeetk.sgedu.site/www/" local="131160026600000000" remote="131163558000000000" Dst="0" />
<file name="w10.jpg" server="amarjeetk.sgedu.site/www/" local="131160030520000000" remote="131163558000000000" Dst="0" />
<file name="w11.jpg" server="amarjeetk.sgedu.site/www/" local="131160030680000000" remote="131163558000000000" Dst="0" />
<file name="w12.jpg" server="amarjeetk.sgedu.site/www/" local="131160032560000000" remote="131163558000000000" Dst="0" />
<file name="w13.jpg" server="amarjeetk.sgedu.site/www/" local="131160798060000000" remote="131163558000000000" Dst="0" />
<file name="w14.jpg" server="amarjeetk.sgedu.site/www/" local="131160798420000000" remote="131163558000000000" Dst="0" />
<file name="w15.jpg" server="amarjeetk.sgedu.site/www/" local="131160798760000000" remote="131163558000000000" Dst="0" />
<file name="w16.jpg" server="amarjeetk.sgedu.site/www/" local="131160799080000000" remote="131163558000000000" Dst="0" />
<file name="w2.jpg" server="amarjeetk.sgedu.site/www/" local="131160026740000000" remote="131163558000000000" Dst="0" />
<file name="w3.jpg" server="amarjeetk.sgedu.site/www/" local="131160027020000000" remote="131163558000000000" Dst="0" />
<file name="w4.jpg" server="amarjeetk.sgedu.site/www/" local="131160027460000000" remote="131163558000000000" Dst="0" />
<file name="w5.jpg" server="amarjeetk.sgedu.site/www/" local="131160028960000000" remote="131163558000000000" Dst="0" />
<file name="w6.jpg" server="amarjeetk.sgedu.site/www/" local="131160029560000000" remote="131163558000000000" Dst="0" />
<file name="w7.jpg" server="amarjeetk.sgedu.site/www/" local="131160030060000000" remote="131163558000000000" Dst="0" />
<file name="w8.jpg" server="amarjeetk.sgedu.site/www/" local="131160031120000000" remote="131163558000000000" Dst="0" />
<file name="w9.jpg" server="amarjeetk.sgedu.site/www/" local="131160031780000000" remote="131163558000000000" Dst="0" />
<file name="wallets.jpg" server="amarjeetk.sgedu.site/www/" local="131160841480000000" remote="131163558000000000" Dst="0" />
<file name="aboutus.jpg" server="10.250.0.9//" local="131160041980000000" remote="131164103400000000" Dst="0" />
<file name="b1.jpg" server="10.250.0.9//" local="131160020480000000" remote="131164103400000000" Dst="0" />
<file name="b10.jpg" server="10.250.0.9//" local="131160023640000000" remote="131164103400000000" Dst="0" />
<file name="aboutus1.jpg" server="10.250.0.9//" local="131160046240000000" remote="131164103400000000" Dst="0" />
<file name="b11.jpg" server="10.250.0.9//" local="131160023980000000" remote="131164103400000000" Dst="0" />
<file name="b12.jpg" server="10.250.0.9//" local="131160024260000000" remote="131164103400000000" Dst="0" />
<file name="b2.jpg" server="10.250.0.9//" local="131160020640000000" remote="131164103400000000" Dst="0" />
<file name="b3.jpg" server="10.250.0.9//" local="131160020960000000" remote="131164103400000000" Dst="0" />
<file name="b4.jpg" server="10.250.0.9//" local="131160021300000000" remote="131164103400000000" Dst="0" />
<file name="b5.jpg" server="10.250.0.9//" local="131160021760000000" remote="131164103400000000" Dst="0" />
<file name="b6.jpg" server="10.250.0.9//" local="131160022040000000" remote="131164103400000000" Dst="0" />
<file name="b7.jpg" server="10.250.0.9//" local="131160022300000000" remote="131164103400000000" Dst="0" />
<file name="b9.jpg" server="10.250.0.9//" local="131160023040000000" remote="131164103400000000" Dst="0" />
<file name="b8.jpg" server="10.250.0.9//" local="131160022880000000" remote="131164103400000000" Dst="0" />
<file name="backpacks.jpg" server="10.250.0.9//" local="131160840380000000" remote="131164103400000000" Dst="0" />
<file name="banner1.jpg" server="10.250.0.9//" local="131158887260000000" remote="131164103400000000" Dst="0" />
<file name="bg1.jpg" server="10.250.0.9//" local="131158970280000000" remote="131164103400000000" Dst="0" />
<file name="contactimage1.jpg" server="10.250.0.9//" local="131157360360000000" remote="131164103400000000" Dst="0" />
<file name="h1.jpg" server="10.250.0.9//" local="131160515700000000" remote="131164103400000000" Dst="0" />
<file name="h10.jpg" server="10.250.0.9//" local="131160810080000000" remote="131164103400000000" Dst="0" />
<file name="feedback.jpg" server="10.250.0.9//" local="131159047760000000" remote="131164103400000000" Dst="0" />
<file name="h11.jpg" server="10.250.0.9//" local="131160810680000000" remote="131164103400000000" Dst="0" />
<file name="h12.jpg" server="10.250.0.9//" local="131160810980000000" remote="131164103400000000" Dst="0" />
<file name="h14.jpg" server="10.250.0.9//" local="131160811600000000" remote="131164103400000000" Dst="0" />
<file name="h13.jpg" server="10.250.0.9//" local="131160811300000000" remote="131164103400000000" Dst="0" />
<file name="h15.jpg" server="10.250.0.9//" local="131160811900000000" remote="131164103400000000" Dst="0" />
<file name="h16.jpg" server="10.250.0.9//" local="131160812220000000" remote="131164103400000000" Dst="0" />
<file name="h3.jpg" server="10.250.0.9//" local="131160516200000000" remote="131164103400000000" Dst="0" />
<file name="h2.jpg" server="10.250.0.9//" local="131160515960000000" remote="131164103400000000" Dst="0" />
<file name="h4.jpg" server="10.250.0.9//" local="131160516460000000" remote="131164103400000000" Dst="0" />
<file name="h5.jpg" server="10.250.0.9//" local="131160517200000000" remote="131164103400000000" Dst="0" />
<file name="h6.jpg" server="10.250.0.9//" local="131160517600000000" remote="131164103400000000" Dst="0" />
<file name="h8.jpg" server="10.250.0.9//" local="131160518080000000" remote="131164103400000000" Dst="0" />
<file name="h7.jpg" server="10.250.0.9//" local="131160517840000000" remote="131164103400000000" Dst="0" />
<file name="h9.jpg" server="10.250.0.9//" local="131160810340000000" remote="131164103400000000" Dst="0" />
<file name="handbag.jpg" server="10.250.0.9//" local="131160840820000000" remote="131164103400000000" Dst="0" />
<file name="l1.jpg" server="10.250.0.9//" local="131160015120000000" remote="131164103400000000" Dst="0" />
<file name="l2.jpg" server="10.250.0.9//" local="131160015460000000" remote="131164103400000000" Dst="0" />
<file name="l3.jpg" server="10.250.0.9//" local="131160015560000000" remote="131164103400000000" Dst="0" />
<file name="l4.jpg" server="10.250.0.9//" local="131160015940000000" remote="131164103400000000" Dst="0" />
<file name="l5.jpg" server="10.250.0.9//" local="131160016200000000" remote="131164103400000000" Dst="0" />
<file name="l7.jpg" server="10.250.0.9//" local="131160017920000000" remote="131164103400000000" Dst="0" />
<file name="l6.jpg" server="10.250.0.9//" local="131160016780000000" remote="131164103400000000" Dst="0" />
<file name="l8.jpg" server="10.250.0.9//" local="131160018200000000" remote="131164103400000000" Dst="0" />
<file name="luggage.jpg" server="10.250.0.9//" local="131160841180000000" remote="131164103400000000" Dst="0" />
<file name="w1.jpg" server="10.250.0.9//" local="131160026600000000" remote="131164103400000000" Dst="0" />
<file name="w10.jpg" server="10.250.0.9//" local="131160030520000000" remote="131164103400000000" Dst="0" />
<file name="w11.jpg" server="10.250.0.9//" local="131160030680000000" remote="131164103400000000" Dst="0" />
<file name="w12.jpg" server="10.250.0.9//" local="131160032560000000" remote="131164103400000000" Dst="0" />
<file name="w13.jpg" server="10.250.0.9//" local="131160798060000000" remote="131164103400000000" Dst="0" />
<file name="w14.jpg" server="10.250.0.9//" local="131160798420000000" remote="131164103400000000" Dst="0" />
<file name="w15.jpg" server="10.250.0.9//" local="131160798760000000" remote="131164103400000000" Dst="0" />
<file name="w16.jpg" server="10.250.0.9//" local="131160799080000000" remote="131164103400000000" Dst="0" />
<file name="w2.jpg" server="10.250.0.9//" local="131160026740000000" remote="131164103400000000" Dst="0" />
<file name="w3.jpg" server="10.250.0.9//" local="131160027020000000" remote="131164103400000000" Dst="0" />
<file name="w4.jpg" server="10.250.0.9//" local="131160027460000000" remote="131164103400000000" Dst="0" />
<file name="w6.jpg" server="10.250.0.9//" local="131160029560000000" remote="131164103400000000" Dst="0" />
<file name="w5.jpg" server="10.250.0.9//" local="131160028960000000" remote="131164103400000000" Dst="0" />
<file name="w7.jpg" server="10.250.0.9//" local="131160030060000000" remote="131164103400000000" Dst="0" />
<file name="w8.jpg" server="10.250.0.9//" local="131160031120000000" remote="131164103400000000" Dst="0" />
<file name="w9.jpg" server="10.250.0.9//" local="131160031780000000" remote="131164103400000000" Dst="0" />
<file name="wallets.jpg" server="10.250.0.9//" local="131160841480000000" remote="131164103400000000" Dst="0" />
<file name="b1.jpg" server="siteground278.com/www/" local="131160020480000000" remote="131165236800000000" Dst="0" />
<file name="aboutus.jpg" server="siteground278.com/www/" local="131160041980000000" remote="131165236800000000" Dst="0" />
<file name="b10.jpg" server="siteground278.com/www/" local="131160023640000000" remote="131165236800000000" Dst="0" />
<file name="b11.jpg" server="siteground278.com/www/" local="131160023980000000" remote="131165236800000000" Dst="0" />
<file name="aboutus1.jpg" server="siteground278.com/www/" local="131160046240000000" remote="131165236800000000" Dst="0" />
<file name="b12.jpg" server="siteground278.com/www/" local="131160024260000000" remote="131165236800000000" Dst="0" />
<file name="b2.jpg" server="siteground278.com/www/" local="131160020640000000" remote="131165236800000000" Dst="0" />
<file name="b4.jpg" server="siteground278.com/www/" local="131160021300000000" remote="131165236800000000" Dst="0" />
<file name="b3.jpg" server="siteground278.com/www/" local="131160020960000000" remote="131165236800000000" Dst="0" />
<file name="b5.jpg" server="siteground278.com/www/" local="131160021760000000" remote="131165236800000000" Dst="0" />
<file name="b6.jpg" server="siteground278.com/www/" local="131160022040000000" remote="131165236800000000" Dst="0" />
<file name="b7.jpg" server="siteground278.com/www/" local="131160022300000000" remote="131165236800000000" Dst="0" />
<file name="b8.jpg" server="siteground278.com/www/" local="131160022880000000" remote="131165236800000000" Dst="0" />
<file name="b9.jpg" server="siteground278.com/www/" local="131160023040000000" remote="131165236800000000" Dst="0" />
<file name="backpacks.jpg" server="siteground278.com/www/" local="131160840380000000" remote="131165236800000000" Dst="0" />
<file name="banner1.jpg" server="siteground278.com/www/" local="131158887260000000" remote="131165236800000000" Dst="0" />
<file name="contactimage1.jpg" server="siteground278.com/www/" local="131157360360000000" remote="131165236800000000" Dst="0" />
<file name="bg1.jpg" server="siteground278.com/www/" local="131158970280000000" remote="131165236800000000" Dst="0" />
<file name="h1.jpg" server="siteground278.com/www/" local="131160515700000000" remote="131165236800000000" Dst="0" />
<file name="feedback.jpg" server="siteground278.com/www/" local="131159047760000000" remote="131165236800000000" Dst="0" />
<file name="h10.jpg" server="siteground278.com/www/" local="131160810080000000" remote="131165236800000000" Dst="0" />
<file name="h11.jpg" server="siteground278.com/www/" local="131160810680000000" remote="131165236800000000" Dst="0" />
<file name="h12.jpg" server="siteground278.com/www/" local="131160810980000000" remote="131165236800000000" Dst="0" />
<file name="h13.jpg" server="siteground278.com/www/" local="131160811300000000" remote="131165236800000000" Dst="0" />
<file name="h14.jpg" server="siteground278.com/www/" local="131160811600000000" remote="131165236800000000" Dst="0" />
<file name="h15.jpg" server="siteground278.com/www/" local="131160811900000000" remote="131165236800000000" Dst="0" />
<file name="h16.jpg" server="siteground278.com/www/" local="131160812220000000" remote="131165236800000000" Dst="0" />
<file name="h2.jpg" server="siteground278.com/www/" local="131160515960000000" remote="131165236800000000" Dst="0" />
<file name="h3.jpg" server="siteground278.com/www/" local="131160516200000000" remote="131165236800000000" Dst="0" />
<file name="h4.jpg" server="siteground278.com/www/" local="131160516460000000" remote="131165236800000000" Dst="0" />
<file name="h5.jpg" server="siteground278.com/www/" local="131160517200000000" remote="131165237400000000" Dst="0" />
<file name="h6.jpg" server="siteground278.com/www/" local="131160517600000000" remote="131165237400000000" Dst="0" />
<file name="h8.jpg" server="siteground278.com/www/" local="131160518080000000" remote="131165237400000000" Dst="0" />
<file name="h7.jpg" server="siteground278.com/www/" local="131160517840000000" remote="131165237400000000" Dst="0" />
<file name="h9.jpg" server="siteground278.com/www/" local="131160810340000000" remote="131165237400000000" Dst="0" />
<file name="l1.jpg" server="siteground278.com/www/" local="131160015120000000" remote="131165237400000000" Dst="0" />
<file name="handbag.jpg" server="siteground278.com/www/" local="131160840820000000" remote="131165237400000000" Dst="0" />
<file name="l2.jpg" server="siteground278.com/www/" local="131160015460000000" remote="131165237400000000" Dst="0" />
<file name="l3.jpg" server="siteground278.com/www/" local="131160015560000000" remote="131165237400000000" Dst="0" />
<file name="l4.jpg" server="siteground278.com/www/" local="131160015940000000" remote="131165237400000000" Dst="0" />
<file name="l5.jpg" server="siteground278.com/www/" local="131160016200000000" remote="131165237400000000" Dst="0" />
<file name="l6.jpg" server="siteground278.com/www/" local="131160016780000000" remote="131165237400000000" Dst="0" />
<file name="l7.jpg" server="siteground278.com/www/" local="131160017920000000" remote="131165237400000000" Dst="0" />
<file name="l8.jpg" server="siteground278.com/www/" local="131160018200000000" remote="131165237400000000" Dst="0" />
<file name="luggage.jpg" server="siteground278.com/www/" local="131160841180000000" remote="131165237400000000" Dst="0" />
<file name="w1.jpg" server="siteground278.com/www/" local="131160026600000000" remote="131165237400000000" Dst="0" />
<file name="w10.jpg" server="siteground278.com/www/" local="131160030520000000" remote="131165237400000000" Dst="0" />
<file name="w11.jpg" server="siteground278.com/www/" local="131160030680000000" remote="131165237400000000" Dst="0" />
<file name="w12.jpg" server="siteground278.com/www/" local="131160032560000000" remote="131165237400000000" Dst="0" />
<file name="w13.jpg" server="siteground278.com/www/" local="131160798060000000" remote="131165237400000000" Dst="0" />
<file name="w16.jpg" server="siteground278.com/www/" local="131160799080000000" remote="131165237400000000" Dst="0" />
<file name="w14.jpg" server="siteground278.com/www/" local="131160798420000000" remote="131165237400000000" Dst="0" />
<file name="w15.jpg" server="siteground278.com/www/" local="131160798760000000" remote="131165237400000000" Dst="0" />
<file name="w2.jpg" server="siteground278.com/www/" local="131160026740000000" remote="131165237400000000" Dst="0" />
<file name="w3.jpg" server="siteground278.com/www/" local="131160027020000000" remote="131165237400000000" Dst="0" />
<file name="w4.jpg" server="siteground278.com/www/" local="131160027460000000" remote="131165237400000000" Dst="0" />
<file name="w5.jpg" server="siteground278.com/www/" local="131160028960000000" remote="131165237400000000" Dst="0" />
<file name="w6.jpg" server="siteground278.com/www/" local="131160029560000000" remote="131165237400000000" Dst="0" />
<file name="w7.jpg" server="siteground278.com/www/" local="131160030060000000" remote="131165237400000000" Dst="0" />
<file name="w8.jpg" server="siteground278.com/www/" local="131160031120000000" remote="131165237400000000" Dst="0" />
<file name="w9.jpg" server="siteground278.com/www/" local="131160031780000000" remote="131165237400000000" Dst="0" />
<file name="wallets.jpg" server="siteground278.com/www/" local="131160841480000000" remote="131165237400000000" Dst="0" />
</dwsync>